Food category,UK GHG emissions (kgCO2e/kg)
Animal Fats,4.01
Bovine Meat,6.88
Mutton & Goat Meat,6.42
Pigmeat,0.79
Poultry Meat,0.54
Eggs,0.49
"Butter, Ghee",0.18
Cream,0.24
Milk - Excluding Butter,0.18
Cheese,0.11
Alcoholic Beverages,0.33
Wheat,0.1
Beans,0.08
Beer,0.38
Maize,0.07
Oats,0.1
Potatoes,0.04
Rice (Milled Equivalent),0.39
Starchy Roots,0.04
Sugar (Raw Equivalent),0.01
Tomatoes,0.15
Treenuts,0.2
Vegetable Oils,0.32
Vegetables,0.16
Dates,0.11
Bananas,0.14
Fruits - Excluding Wine,0.09
Olive Oil,0.45
Onions,0.05
Peas,0.12
Pineapples,0.19
Plantains,0.16
Soyabeans,0.2
