,Applicant City,Applicant Country,Applicant Number,Applicant State,Assignee Location,Assignee Name,Family Id,Fields,File Date,Inventors,Patent Date,Patent Number,Title (Patent Number),fetched
0,Fairhaven,US,"15/379,559",MA,"Fairhaven, MA",Acushnet Company,58447320,A63B 37/0006 (20130101); A63B 37/002 (20130101); A63B 37/0018 (20130101); A63B 37/0016 (20130101); A63B 37/0004 (20130101); A63B 37/0007 (20130101),"December 15, 2016","[['Michael R.', 'Madson', 'Easton, MA'], ['Nicholas M.', 'Nardacci', 'Barrington, RI']]","January 2, 2018","9,855,465",#9855465,True
1,Honolulu,US,"13/445,873",HI,,,47009701,C12Q 1/6834 (20130101); C12Q 1/6837 (20130101); C12Q 1/6874 (20130101); C12Q 2527/107 (20130101); C12Q 2527/125 (20130101),"April 12, 2012","[['Michael', 'Okura', 'Honolulu, HI']]","January 2, 2018","9,856,523",#9856523,True
2,Cambridge,GB,"15/368,319",N/A,"Cambridge, GB",ARM Ltd.,60629740,H02P 6/15 (20160201); H02P 25/0925 (20160201); H02P 6/185 (20130101); H02P 25/089 (20160201),"December 2, 2016","[['David Victor', 'Pietromonaco', 'Cupertino, CA']]","January 9, 2018","9,866,159",#9866159,True
3,Schenectady,US,"14/706,022",NY,"Schenectady, NY",General Electric Company,55913515,F03D 13/10 (20160501); F03D 1/0675 (20130101); F05B 2240/302 (20130101); F05B 2230/80 (20130101); Y02P 70/523 (20151101); F05B 2230/60 (20130101); Y02E 10/721 (20130101),"May 7, 2015","[['James Robert', 'Tobin', 'Simpsonville, SC'], ['William Max', 'Gobeli', 'Simpsonville, SC']]","January 16, 2018","9,869,295",#9869295,True
4,Paris,FR,"15/163,557",N/A,"Paris, FR",Commissariat a l'Energie Atomique et aux Energies Alternatives,53524895,H01L 27/1461 (20130101); H01L 27/14685 (20130101); H01L 27/14689 (20130101); H01L 27/14621 (20130101); H01L 27/14636 (20130101); H01L 27/14649 (20130101),"May 24, 2016","[['Laurent', 'Frey', 'Fontaine, FR'], ['Michel', 'Marty', 'Saint Paul de Varces, FR'], ['Lilian', 'Masarotto', 'Fontaine, FR']]","January 16, 2018","9,871,074",#9871074,True
5,Newark,US,"15/631,664",CA,"Newark, CA","INIKOA MEDICAL, INC.",60956771,A61M 39/28 (20130101); A61L 2/084 (20130101); A61L 2/10 (20130101); G02B 6/02 (20130101); G02B 6/102 (20130101); G01M 11/31 (20130101); A61B 1/07 (20130101); A61L 2/08 (20130101); A61M 25/0026 (20130101); A61L 2/0023 (20130101); A61M 39/16 (20130101); A61L 2/0047 (20130101); A61N 5/0624 (20130101); A61L 2202/14 (20130101); A61L 2202/24 (20130101); A61M 2025/0019 (20130101); A61M 2025/004 (20130101),"June 23, 2017","[['Brett M.', 'Zaborsky', 'Newark, CA'], ['Michael R.', 'Lopez', 'Dallas, TX'], ['Jay', 'Vahlensieck', 'Livermore, CA']]","January 23, 2018","9,872,978",#9872978,True
6,North WalesEllicott CityCroftonEllicott CityCatonsville,USUSUSUSUS,"15/256,213",PAMDMDMDMD,"Falls Church, VA",Northrop Grumman Systems Corporation,59738448,H03K 19/195 (20130101); H03K 3/38 (20130101); G06N 10/00 (20190101); H03K 19/1952 (20130101); H04B 1/40 (20130101),"September 2, 2016","[['Haitao O.', 'Dai', 'North Wales, PA'], ['Quentin P.', 'Herr', 'Ellicott City, MD'], ['Steven B.', 'Shauck', 'Crofton, MD'], ['Anna Y.', 'Herr', 'Ellicott City, MD'], ['Randall M.', 'Burnett', 'Catonsville, MD']]","January 23, 2018","9,876,505",#9876505,True
7,Placentia,US,"14/684,245",CA,"Corona, CA","ADURA LED SOLUTIONS, LLC",61005595,H05K 1/0207 (20130101); H05K 1/111 (20130101); H05K 3/301 (20130101); F21K 9/20 (20160801); F21K 9/90 (20130101); H05K 2201/10106 (20130101); F21Y 2101/00 (20130101),"April 10, 2015","[['Kalu K.', 'Vasoya', 'Yorba Linda, CA']]","January 30, 2018","9,883,580",#9883580,True
8,London,GB,"15/149,578",N/A,"London, GB",EGALET LTD.,33040855,A61K 9/0092 (20130101); A61K 31/485 (20130101); A61K 9/70 (20130101); A61K 9/0053 (20130101),"May 9, 2016","[['Gina', 'Fischer', 'Vaerlose, DK'], ['Daniel', 'Bar-Shalom', 'Kokkedal, DK'], ['Lillian', 'Slot', 'Virum, DK'], ['Christine', 'Andersen', 'Vedbaek, DK']]","February 6, 2018","9,884,029",#9884029,True
9,TaichungTaichung,TWTW,"15/369,049",N/AN/A,"Taichung, TW","E-MAKE CO., LTD.",61147590,A47B 67/04 (20130101); A47B 88/483 (20170101); A47F 7/00 (20130101); E06B 3/4663 (20130101); A47B 53/00 (20130101); A47B 81/002 (20130101); A47B 96/16 (20130101),"December 5, 2016","[['Kung-Cheng', 'Chen', 'Taichung, TW'], ['Lung-Chuan', 'Huang', 'Taichung, TW']]","February 13, 2018","9,888,775",#9888775,True
10,Armonk,US,"14/703,663",NY,"Armonk, NY",INTERNATIONAL BUSINESS MACHINES CORPORATION,57221923,G06Q 30/0246 (20130101); H04N 21/812 (20130101); H04N 21/44213 (20130101); G06K 9/00268 (20130101); G06K 9/00288 (20130101); G06K 9/00718 (20130101); H04N 21/44008 (20130101); H04N 21/44218 (20130101); G06K 2009/00738 (20130101); G06T 2207/30242 (20130101); H04N 21/8547 (20130101),"May 4, 2015","[['Sergio', 'Borger', 'Sao Paulo, BR'], ['Marcia', 'Ito', 'Sao Paulo, BR'], ['Julio', 'Nogima', 'Sao Paulo, BR'], ['Ademir', 'Ferreira Da Silva', 'Sao Paulo, BR']]","February 13, 2018","9,892,421",#9892421,True
11,Atlanta,US,"14/337,664",GA,,,51358476,A61B 13/00 (20130101); A61B 1/24 (20130101),"July 22, 2014","[['Joseph P.', 'Schultz', 'Atlanta, GA']]","February 20, 2018","9,895,141",#9895141,True
12,Herstal (Milmort),BE,"14/471,979",N/A,Herstal,SAFRAN AERO BOOSTERS SA,49054409,F01D 5/282 (20130101); B28B 1/001 (20130101); B29C 45/14631 (20130101); B29C 70/70 (20130101); B29D 99/0025 (20130101); F05D 2300/6033 (20130101); F05D 2300/6031 (20130101); F05D 2230/31 (20130101); F05D 2300/6032 (20130101); B29L 2031/08 (20130101); B29K 2309/02 (20130101); B29K 2305/00 (20130101); B29K 2079/085 (20130101); F05D 2300/44 (20130101); B33Y 80/00 (20141201); B33Y 10/00 (20141201); F05D 2230/30 (20130101); B29C 64/00 (20170801),"August 28, 2014","[['Rafael', 'Perez', 'Boncelles, BE']]","February 27, 2018","9,903,211",#9903211,True
13,Gyeonggi-do,KR,"15/283,656",N/A,"Gyeonggi-do, KR",SK Hynix Inc.,53181940,H01L 27/14623 (20130101); H01L 27/14621 (20130101); H01L 27/14627 (20130101); H01L 27/14603 (20130101); H01L 27/14685 (20130101); H01L 27/14609 (20130101),"October 3, 2016","[['Do-Hwan', 'Kim', 'Gyeonggi-do, KR'], ['Jong-Chae', 'Kim', 'Gyeonggi-do, KR'], ['Kyoung-Oug', 'Ro', 'Gyeonggi-do, KR'], ['Il-Ho', 'Song', 'Gyeonggi-do, KR']]","March 6, 2018","9,911,775",#9911775,True
14,Atlanta,US,"14/871,419",GA,"Atlanta, GA","AT&T Intellectual Property I, L.P.",43300706,H04L 12/4675 (20130101); H04L 45/00 (20130101); H04L 45/021 (20130101); H04L 45/123 (20130101); H04L 45/16 (20130101); H04L 45/50 (20130101); H04L 12/4641 (20130101),"September 30, 2015","[['Eric', 'Rosenberg', 'Lincroft, NJ']]","March 6, 2018","9,912,583",#9912583,True
15,ZappolaPorcia,ITIT,"13/697,832",N/AN/A,"Brussels, BE",Electrolux Home Products Corporation N.V.,43429897,A47L 15/0049 (20130101); D06F 33/02 (20130101); D06F 37/42 (20130101); D06F 39/04 (20130101); F24H 9/2014 (20130101); A47L 15/4285 (20130101); A47L 15/46 (20130101); A47L 2401/26 (20130101); A47L 2401/30 (20130101); A47L 2501/06 (20130101); A47L 2501/11 (20130101); A47L 2501/26 (20130101); A47L 2501/28 (20130101); A47L 2501/32 (20130101); D06F 2202/12 (20130101),"May 12, 2011","[['Paolo', 'Driussi', 'Zappola, IT'], ['Marco', 'Lorenzi', 'Porcia, IT']]","March 13, 2018","9,915,442",#9915442,True
16,Woodbridge,CA,"13/740,985",N/A,"Woodbridge, Ontario, CA","PerkinElmer Health Sciences Canada, Inc.",51164483,H01J 49/044 (20130101); H01J 49/062 (20130101),"January 14, 2013","[['Charles', 'Jolliffe', 'Schomberg, CA'], ['Lisa', 'Cousins', 'Woodbridge, CA'], ['Gholamreza', 'Javahery', 'Kettleby, CA']]","March 13, 2018","9,916,969",#9916969,True
17,Stuttgart,DE,"15/223,430",N/A,"Stuttgart, DE",ROBERT BOSCH GMBH,57795823,B60W 10/18 (20130101); B60W 10/20 (20130101); B60W 50/023 (20130101); G05D 1/0088 (20130101); B62D 5/04 (20130101); B60W 10/184 (20130101); G05D 1/0077 (20130101); G05D 2201/0213 (20130101),"July 29, 2016","[['Peter', 'Sautter', 'Lauffen, DE']]","March 20, 2018","9,919,713",#9919713,True
18,Hickory,US,"15/394,884",NC,"Hickory, NC",CommScope Technologies LLC,53522124,H05K 999/99 (20130101); H01R 9/0503 (20130101); H01R 24/54 (20130101); H01R 13/24 (20130101); H01R 4/48 (20130101); H01R 4/60 (20130101); H01R 24/38 (20130101); H01R 13/622 (20130101); H01R 2103/00 (20130101),"December 30, 2016","[['Ronald A.', 'Vaccaro', 'Taylorsville, NC']]","March 20, 2018","9,923,314",#9923314,True
19,New Taipei,TW,"15/253,713",N/A,"New Taipei, TW","HON HAI PRECISION INDUSTRY CO., LTD.",61160051,B41J 15/044 (20130101); B65H 1/04 (20130101); B65H 1/266 (20130101); B65H 2402/41 (20130101); B65H 2405/113 (20130101); B65H 2405/12 (20130101); B65H 2405/311 (20130101),"August 31, 2016","[['Yu-Chi', 'Chang', 'New Taipei, TW']]","March 27, 2018","9,925,808",#9925808,True
20,"Shenzhen, Guangdong",CN,"14/652,278",N/A,"Shenzhen, CN",ZTE CORPORATION,50912138,H04W 24/02 (20130101); H04W 52/0216 (20130101); H04W 76/28 (20180201); H04W 88/02 (20130101); Y02D 70/24 (20180101); Y02D 70/00 (20180101); Y02D 70/122 (20180101); Y02D 70/1262 (20180101),"October 10, 2013","[['Qiuhong', 'Yuan', 'Shenzhen, CN'], ['Zhongying', 'Xia', 'Shenzhen, CN'], ['Qingyuan', 'Zhao', 'Shenzhen, CN']]","March 27, 2018","9,930,723",#9930723,True
21,Osaka,JP,"14/202,462",N/A,"Osaka, JP",KUBOTA CORPORATION,52689975,B60K 1/02 (20130101); B60K 17/12 (20130101); B60K 1/04 (20130101); B60K 1/00 (20130101); B60K 7/0007 (20130101); B60K 2001/0405 (20130101); B60K 2007/0038 (20130101); B60K 2007/0061 (20130101); B60K 2007/0092 (20130101); B60Y 2200/223 (20130101),"March 10, 2014","[['Kazuo', 'Koike', 'Hyogo, JP'], ['Hirokazu', 'Ito', 'Osaka, JP'], ['Takafumi', 'Komatsu', 'Osaka, JP']]","April 10, 2018","9,937,779",#9937779,True
22,Paris,FR,"14/356,045",N/A,"Paris, FR",SNECMA,47221475,B64D 29/02 (20130101); F02C 7/20 (20130101); B64C 2230/14 (20130101); Y02T 50/166 (20130101),"October 24, 2012","[['Guillaume', 'Bodard', ""Verneuil l'Etang, FR""], ['Cyprien', 'Henry', 'Paris, FR'], ['Norman', 'Jodet', 'Savigny-sur-Orge, FR'], ['Alexandre Alfred Gaston', 'Vuillemin', 'Moissy-Cramayle, FR']]","April 10, 2018","9,938,901",#9938901,True
23,Dallas,US,"15/191,569",TX,"Dallas, TX",TEXAS INSTRUMENTS INCORPORATED,54555923,H01L 21/32136 (20130101); H01L 21/32139 (20130101); G02B 7/09 (20130101); H04N 5/23229 (20130101); C23F 1/00 (20130101); G02F 1/29 (20130101); G03B 13/36 (20130101); H01L 41/31 (20130101); H01L 41/332 (20130101); H04N 5/232 (20130101); H04N 5/2254 (20130101); C23F 4/00 (20130101); G02F 2001/294 (20130101),"June 24, 2016","[['Neng', 'Jiang', 'Plano, TX'], ['Joel', 'Soman', 'Dallas, TX'], ['Thomas Warren', 'Lassiter', 'Garland, TX'], ['Mary Alyssa Drummond', 'Roby', 'Plano, TX'], ['Nayeemuddin', 'Mohammed', 'Plano, TX'], ['YungShan', 'Chang', 'Plano, TX']]","April 10, 2018","9,939,710",#9939710,True
24,Osaka,JP,"15/195,117",N/A,"Osaka, JP",KYOCERA DOCUMENT SOLUTIONS INC.,60675661,H04N 1/00347 (20130101); H04N 1/00002 (20130101); H04N 1/32101 (20130101); G06F 3/1231 (20130101); G06F 3/1258 (20130101); H04N 1/04 (20130101); H04N 1/00366 (20130101); G06F 3/1257 (20130101); H04N 1/00363 (20130101); H04N 1/00968 (20130101); G06F 3/1204 (20130101); G06F 3/1286 (20130101); G06F 3/1205 (20130101); H04N 2201/0094 (20130101),"June 28, 2016","[['Debashis', 'Panda', 'Concord, CA']]","April 10, 2018","9,942,418",#9942418,True
25,Amsterdam,NL,"15/269,692",N/A,"Amsterdam, NL",KONINKLIJKE PHILIPS N.V.,54264092,H04L 9/3242 (20130101); A61B 5/0084 (20130101); A61B 5/0215 (20130101); A61B 5/027 (20130101); A61B 90/90 (20160201); A61B 90/94 (20160201); A61B 5/026 (20130101); A61B 8/12 (20130101); A61B 5/00 (20130101); A61B 2560/0475 (20130101); A61M 25/00 (20130101); A61B 2090/0803 (20160201); A61B 2090/0813 (20160201); A61B 2017/00482 (20130101); A61B 2090/3735 (20160201); A61M 2205/52 (20130101); A61M 25/09 (20130101),"September 19, 2016","[['Joseph', 'Hoffman', 'Sacramento, CA'], ['Jason', 'Spencer', 'Rocklin, CA']]","April 17, 2018","9,948,466",#9948466,True
26,TaichungTaichungTaichung,TWTWTW,"15/241,105",N/AN/AN/A,,,61191150,B25B 23/1427 (20130101); B25B 23/0035 (20130101),"August 19, 2016","[['Tien Yu', 'Fang', 'Taichung, TW'], ['Hsin Pu', 'Fang', 'Taichung, TW'], ['Yu Chen', 'Chu', 'Taichung, TW']]","April 24, 2018","9,950,412",#9950412,True
27,"Toyota-shi, Aichi-ken",JP,"15/059,897",N/A,"Toyota, JP",TOYOTA JIDOSHA KABUSHIKI KAISHA,56937698,B23K 26/22 (20130101); B23K 15/008 (20130101); B23K 15/0093 (20130101); B23K 26/32 (20130101); B23K 26/348 (20151001); B23K 26/082 (20151001); B23K 2103/10 (20180801); B23K 2101/18 (20180801); B23K 2103/04 (20180801),"March 3, 2016","[['Kohei', 'Hisada', 'Nagoya, JP'], ['Toru', 'Hioki', 'Miyoshi, JP'], ['Shuichi', 'Matsumoto', 'Kariya, JP'], ['Kazuyuki', 'Ogusu', 'Okazaki, JP']]","May 8, 2018","9,962,789",#9962789,True
28,Tokyo,JP,"15/404,276",N/A,"Tokyo, JP",Seiko Epson Corporation,57850974,B41J 2/16508 (20130101); B41J 2/1652 (20130101); B41J 2/16532 (20130101); B41J 2/16523 (20130101); B41J 2/16552 (20130101); B41J 2/16517 (20130101); B41J 2/1714 (20130101); B41J 2/175 (20130101); B41J 2/185 (20130101); B41J 29/38 (20130101); B41J 2002/16573 (20130101),"January 12, 2017","[['Goki', 'Hiramoto', 'Nagano, JP']]","May 8, 2018","9,962,941",#9962941,True
29,Extertal,DE,"14/889,508",N/A,"Extertal, DE",Lenze Drives GmbH,50877235,F16D 1/0817 (20130101); F16D 1/0858 (20130101); F16D 1/0847 (20130101); F16D 1/095 (20130101),"May 8, 2014","[['Tino', 'Goetz', 'Wennigsen, DE'], ['Ralf', 'Guhl', 'Aerzen, DE']]","May 8, 2018","9,964,155",#9964155,True
30,Tokyo,JP,"15/306,345",N/A,"Tokyo, JP","TOYO SEIKAN GROUP HOLDINGS, LTD.",54332356,B32B 27/14 (20130101); B32B 3/30 (20130101); B65D 23/02 (20130101); B05D 5/02 (20130101); B05D 5/08 (20130101); B32B 27/16 (20130101); B32B 27/205 (20130101); B32B 9/045 (20130101); B32B 15/085 (20130101); B32B 15/09 (20130101); B32B 27/18 (20130101); B32B 27/32 (20130101); B32B 27/36 (20130101); B32B 3/26 (20130101); B32B 7/12 (20130101); B32B 15/20 (20130101); B32B 17/00 (20130101); B32B 27/08 (20130101); B32B 27/10 (20130101); B32B 27/20 (20130101); B32B 27/306 (20130101); B32B 33/00 (20130101); B32B 2307/732 (20130101); B32B 2439/70 (20130101); B32B 2255/10 (20130101); B32B 2255/20 (20130101); B32B 2307/746 (20130101); B32B 2435/02 (20130101); B32B 2439/40 (20130101); B32B 2439/60 (20130101); B32B 2250/02 (20130101); B32B 2250/24 (20130101); B32B 2255/26 (20130101); B32B 2264/0214 (20130101); B32B 2264/025 (20130101); B32B 2264/0257 (20130101); B32B 2264/102 (20130101); B32B 2264/104 (20130101); B32B 2264/108 (20130101); B32B 2272/00 (20130101); B32B 2307/538 (20130101); B32B 2307/7242 (20130101); B32B 2307/73 (20130101),"April 14, 2015","[['Shinya', 'Iwamoto', 'Yokohama, JP'], ['Yosuke', 'Akutsu', 'Yokohama, JP']]","May 15, 2018","9,968,965",#9968965,True
31,Tokyo,JP,"15/087,631",N/A,"Tokyo, JP",Sony Interactive Entertainment Inc.,55348289,G06F 3/012 (20130101); G02B 27/0172 (20130101); G06F 3/014 (20130101); G06F 3/0346 (20130101); G06T 19/006 (20130101); G06F 3/016 (20130101); G06F 3/041 (20130101); G02B 27/017 (20130101); G02B 27/0093 (20130101); G06F 3/017 (20130101); A63F 13/212 (20140902); G06F 2203/04102 (20130101); G02B 2027/014 (20130101); G02B 2027/0178 (20130101); G06F 2203/013 (20130101),"March 31, 2016","[['Shai', 'Messingher', 'San Mateo, CA'], ['Richard', 'Stenson', 'San Mateo, CA']]","May 15, 2018","9,971,404",#9971404,True
32,Taoyuan,TW,"14/943,290",N/A,"Taoyuan, TW",NATIONAL CHUNG-SHAN INSTITUTE OF SCIENCE AND TECHNOLOGY,58690318,H01L 21/6833 (20130101); H01L 21/68757 (20130101); H01L 21/6831 (20130101); H01J 37/32715 (20130101); H02N 13/00 (20130101); H01J 37/3244 (20130101),"November 17, 2015","[['Yang-Kuao', 'Kuo', 'Taoyuan, TW'], ['Yi-Hsiuan', 'Yu', 'Taoyuan, TW'], ['Jian-Long', 'Ruan', 'Taoyuan, TW']]","May 15, 2018","9,972,520",#9972520,True
33,OsakaKyoto,JPJP,"14/416,374",N/AN/A,"Osaka, JPRENAISSANCE ENERGY RESEARCH CORPORATION","SEKISUI CHEMICAL CO., LTD.",49997280,C01B 3/58 (20130101); B01J 21/08 (20130101); B01J 35/1042 (20130101); B01J 37/0201 (20130101); B01J 35/1061 (20130101); B01J 19/245 (20130101); C07C 29/141 (20130101); B01J 23/6562 (20130101); C07C 29/158 (20130101); C07C 45/49 (20130101); B01J 37/031 (20130101); B01J 21/063 (20130101); B01J 23/80 (20130101); B01J 35/1019 (20130101); B01J 35/1038 (20130101); C07C 29/158 (20130101); C07C 31/08 (20130101); C07C 45/49 (20130101); C07C 47/06 (20130101); C01B 2203/0485 (20130101); C01B 2203/045 (20130101); B01J 2219/24 (20130101); B01J 37/033 (20130101),"July 23, 2013","[['Toshihito', 'Miyama', 'Tsukuba, JP'], ['Tomoaki', 'Nishino', 'Tsukuba, JP'], ['Osamu', 'Okada', 'Osaka, JP'], ['Tamotsu', 'Nonouchi', 'Kyoto, JP']]","May 22, 2018","9,975,105",#9975105,True
34,Arlington,US,"15/251,733",VA,"Basking Ridge, NJ",Verizon Patent and Licensing Inc.,61244039,H04M 15/67 (20130101); H04W 4/24 (20130101); H04M 15/41 (20130101); H04M 15/60 (20130101); H04L 12/14 (20130101); H04W 4/00 (20130101); H04L 12/1407 (20130101); H04M 15/70 (20130101); H04M 15/73 (20130101); H04M 15/00 (20130101); H04L 12/1403 (20130101),"August 30, 2016","[['Vijay', 'Nanjundan', 'Piscataway Township, NJ'], ['Arvind', 'Aggarwal', 'San Ramon, CA'], ['Earlin', 'George', 'Morganville, NJ']]","May 29, 2018","9,986,104",#9986104,True
35,Great Neck,US,"14/551,890",NY,,,52994263,A47K 10/421 (20130101); B65D 47/0871 (20130101); A47K 2010/3266 (20130101); B65D 2251/1058 (20130101); B65D 2251/1066 (20130101),"November 24, 2014","[['Sharmin', 'Mehdizadeh', 'Great Neck, NY']]","June 5, 2018","9,986,875",#9986875,True
36,San Luis Obispo,US,"14/854,216",CA,"San Luis Obispo, CA",Sunrun South LLC,52131866,F16B 37/14 (20130101); F16B 33/004 (20130101); F16B 5/0275 (20130101); F16B 37/041 (20130101),"September 15, 2015","[['Greg', 'McPheeters', 'Santa Cruz, CA']]","June 12, 2018","9,995,333",#9995333,True
37,Santa Barbara,US,"15/077,708",CA,"Santa Barbara, CA","Bruker Nano, Inc.",46332620,G01Q 10/065 (20130101); G01Q 20/04 (20130101); G01Q 20/00 (20130101); G01Q 60/32 (20130101),"March 22, 2016","[['Chanmin', 'Su', 'Ventura, CA'], ['Jian', 'Shi', 'Ventura, CA'], ['Yan', 'Hu', 'Ventura, CA'], ['Shuiqing', 'Hu', 'Santa Barbara, CA'], ['Ji', 'Ma', 'Thousand Oaks, CA']]","June 12, 2018","9,995,765",#9995765,True
38,Danbury,US,"14/534,474",CT,"Danbury, CT",PEROSPHERE PHARMACEUTICALS INC.,53044349,A61K 51/0459 (20130101); A61K 49/10 (20130101); A61B 5/4514 (20130101); A61B 5/055 (20130101); A61B 6/481 (20130101); G01R 33/5601 (20130101); A61B 6/505 (20130101); A61B 6/508 (20130101),"November 6, 2014","[['Bryan E.', 'Laulicht', 'Danbury, CT'], ['Sasha H.', 'Bakhru', 'Ridgefield, CT'], ['James', 'Costin', 'Lower Gwynedd, PA'], ['Solomon S.', 'Steiner', 'Mount Kisco, NY']]","June 19, 2018","9,999,690",#9999690,True
39,"Suwon-si, Gyeonggi-do",KR,"15/647,542",N/A,"Suwon-si, Gyeonggi-do, KR","SAMSUNG ELECTRO-MECHANICS CO., LTD.",59066621,H01L 24/48 (20130101); H01L 23/5389 (20130101); H01L 22/14 (20130101); H01L 21/56 (20130101); H01L 23/28 (20130101); H01L 24/00 (20130101); H01L 23/5226 (20130101); H01L 22/34 (20130101); H01L 21/565 (20130101); H01L 23/3178 (20130101); H01L 24/85 (20130101); H01L 21/6835 (20130101); H01L 2924/00014 (20130101); H01L 23/49827 (20130101); H01L 2221/68345 (20130101); H01L 2224/83005 (20130101); H01L 23/295 (20130101); H01L 21/568 (20130101); H01L 25/105 (20130101); H01L 2224/0401 (20130101); H01L 2224/32225 (20130101); H01L 2224/73204 (20130101); H01L 2224/81005 (20130101); H01L 2224/81192 (20130101); H01L 2224/92125 (20130101); H01L 2225/1023 (20130101); H01L 2225/1041 (20130101); H01L 2225/1058 (20130101); H01L 2924/14 (20130101); H01L 2924/1432 (20130101); H01L 2924/15192 (20130101); H01L 2924/1533 (20130101); H01L 2924/19041 (20130101); H01L 2924/19042 (20130101); H01L 2924/19043 (20130101); H01L 2924/19105 (20130101); H01L 2924/3025 (20130101); H01L 23/3128 (20130101); H01L 2924/00014 (20130101); H01L 2224/05599 (20130101); H01L 2924/00014 (20130101); H01L 2224/45099 (20130101); H01L 2924/00014 (20130101); H01L 2224/85399 (20130101),"July 12, 2017","[['Young Gwan', 'Ko', 'Suwon-si, KR'], ['Sung Won', 'Jeong', 'Suwon-si, KR']]","June 19, 2018","10,002,811",#10002811,True
40,Tokyo,JP,"14/908,804",N/A,"Koto-ku, Tokyo, JP",FUJIKURA LTD.,52431848,H01G 9/2077 (20130101); H01G 9/2027 (20130101); H01G 9/209 (20130101); H01G 9/2031 (20130101); H01G 9/2059 (20130101); Y02E 10/542 (20130101),"July 31, 2014","[['Mami', 'Kitsuda', 'Chiba, JP'], ['Daisuke', 'Matsumoto', 'Chiba, JP']]","June 26, 2018","10,008,336",#10008336,True
41,Armonk,US,"15/662,776",NY,"Armonk, NY",International Business Machines Corporation,59847799,G06F 1/183 (20130101),"July 28, 2017","[['Matteo', 'Cocchini', 'Long Island City, NY'], ['Michael A.', 'Cracraft', 'Poughkeepsie, NY'], ['Khaalid P. J.', 'McMillan', 'Wappingers Falls, NY'], ['Arushi', 'Shahani', 'Poughkeepsie, NY'], ['John G.', 'Torok', 'Poughkeepsie, NY']]","July 10, 2018","10,019,044",#10019044,True
42,Greenville,US,"14/435,763",SC,"Clermont-Ferrand, FR",COMPAGNIE GENERALE DES ETABLISSEMENTS MICHELIN,50627853,G01M 17/02 (20130101); G01B 11/22 (20130101); B60C 11/246 (20130101); G01M 17/027 (20130101); G01B 11/24 (20130101); G01B 11/30 (20130101); B60C 11/24 (20130101),"October 31, 2012","[['Xavier', 'Neau', 'Greenville, SC']]","July 17, 2018","10,024,765",#10024765,True
43,Armonk,US,"15/221,952",NY,"Armonk, NY",International Business Machines Corporation,61009640,G01V 11/002 (20130101); G01V 8/12 (20130101); F24F 1/58 (20130101); F24F 11/32 (20180101); F24F 11/52 (20180101); F25B 2500/04 (20130101); F24F 2110/00 (20180101); F24F 2130/00 (20180101),"July 28, 2016","[['Ben Z.', 'Akselrod', 'Givat Shmuel, IL'], ['Anthony', 'Di Loreto', 'Ontario, CA'], ['Steve', 'McDuff', 'Ontario, CA'], ['Kyle D.', 'Robeson', 'Ontario, CA']]","July 24, 2018","10,031,258",#10031258,True
44,Seoul,KR,"15/324,667",N/A,"Seoul, KR",LG ELECTRONICS INC.,55064412,H04L 12/1886 (20130101); H04L 5/0055 (20130101); H04W 52/0216 (20130101); H04W 72/042 (20130101); H04W 52/0229 (20130101); H04W 84/12 (20130101); H04L 27/2613 (20130101); H04L 1/1671 (20130101); Y02D 70/142 (20180101); Y02D 70/00 (20180101); H04W 74/06 (20130101); H04W 52/0238 (20130101); Y02D 70/22 (20180101); H04W 52/0245 (20130101); H04L 1/1867 (20130101),"June 10, 2015","[['Giwon', 'Park', 'Seoul, KR'], ['Kiseon', 'Ryu', 'Seoul, KR'], ['Jeongki', 'Kim', 'Seoul, KR'], ['Hangyu', 'Cho', 'Seoul, KR'], ['Suhwook', 'Kim', 'Seoul, KR']]","July 24, 2018","10,034,242",#10034242,True
45,Antioch,US,"15/273,011",TN,"Antioch, TN","Max Mobility, LLC",51522486,A61G 5/1005 (20130101); A61G 5/128 (20161101); A61G 5/1054 (20161101); A61G 5/022 (20130101); A61G 5/047 (20130101); B60B 19/003 (20130101); A61G 5/048 (20161101); A61G 5/02 (20130101); A61G 2203/12 (20130101); A61G 5/1027 (20130101),"September 22, 2016","[['Mark', 'Richter', 'Nashville, TN']]","July 31, 2018","10,034,803",#10034803,True
46,Daegu,KR,"15/553,485",N/A,,,53029836,A45C 11/00 (20130101); A63F 13/285 (20140902); H04M 1/0202 (20130101); H04M 1/72544 (20130101); H04M 1/185 (20130101); A63F 13/98 (20140902); G06F 3/016 (20130101); H04M 1/0262 (20130101); A63F 13/92 (20140902); A45C 2011/002 (20130101),"December 11, 2015","[['Jung-Hoon', 'Kim', 'Daegu, KR']]","August 7, 2018","10,039,976",#10039976,True
47,North Brunswick,US,"15/870,844",NJ,"North Brunswick, NJ","VITAWORKS IP, LLC",57324236,C07C 309/14 (20130101); C07C 309/14 (20130101); C07C 309/14 (20130101); C07C 309/14 (20130101); C07C 309/14 (20130101); C07C 303/32 (20130101); C07C 303/44 (20130101); C07C 303/32 (20130101); C07C 303/44 (20130101); C07C 303/02 (20130101); C07C 303/22 (20130101); C07C 303/22 (20130101); C07C 303/02 (20130101); B01J 23/04 (20130101),"January 12, 2018","[['Songzhou', 'Hu', 'Princeton, NJ']]","August 7, 2018","10,040,755",#10040755,True
48,"Toyota-shi, Aichi-ken",JP,"14/726,870",N/A,"Toyota-shi, JP",Toyota Jidosha Kabushiki Kaisha,55017746,B60L 50/62 (20190201); F02N 11/0866 (20130101); B60L 50/16 (20190201); B60L 58/12 (20190201); B60L 3/12 (20130101); B60L 58/20 (20190201); B60L 2240/526 (20130101); Y02T 10/7044 (20130101); B60L 2260/44 (20130101); B60L 2240/547 (20130101); Y02T 10/7225 (20130101); Y02T 10/7233 (20130101); Y02T 10/642 (20130101); B60L 2240/527 (20130101); Y02T 10/6217 (20130101); F02N 11/04 (20130101); B60L 2210/14 (20130101); B60L 2240/429 (20130101); B60L 2240/423 (20130101); F02N 2011/0888 (20130101); B60L 2250/26 (20130101); Y02T 10/84 (20130101); F02N 2011/0896 (20130101); F02N 2011/0877 (20130101); Y02T 10/7005 (20130101); Y02T 10/7077 (20130101); B60L 2240/545 (20130101); B60L 2240/22 (20130101); B60L 2210/12 (20130101); B60L 2240/529 (20130101); Y02T 10/7066 (20130101),"June 1, 2015","[['Toshiya', 'Hashimoto', 'Miyoshi, JP']]","August 7, 2018","10,041,462",#10041462,True
49,Hong Kong,HK,"15/296,004",N/A,H.K. Ltd.,SAE Magnetics,58720128,G03B 13/36 (20130101); G02B 7/026 (20130101); G02B 7/09 (20130101); G03B 17/12 (20130101); H04N 5/2257 (20130101); H04N 5/2251 (20130101); G03B 11/00 (20130101); H04N 5/2254 (20130101); H04N 5/2253 (20130101); G02B 5/20 (20130101); H04N 5/2258 (20130101); G03B 2205/0053 (20130101),"October 17, 2016","[['Yiu Sing', 'Ho', 'Hong Kong, HK'], ['Yong Bing', 'Hu', 'Hong Kong, HK']]","August 7, 2018","10,042,139",#10042139,True
50,Monroe,US,"14/513,830",NC,"Monroe, NC",Wood Designs,55654567,A47C 19/20 (20130101); A47D 7/002 (20130101); A47D 7/00 (20130101); A47C 19/202 (20130101),"October 14, 2014","[['Ryan Gary', 'Urban', 'Monroe, NC']]","August 14, 2018","10,045,629",#10045629,True
51,Chongqing,CN,"14/397,057",N/A,"Chongqing, CN","CHONGQING SKYFORBIO CO., LTD.",46615886,A61B 1/126 (20130101); B01F 13/08 (20130101); B01F 15/065 (20130101); A61B 1/128 (20130101); B01F 15/068 (20130101); A61B 1/015 (20130101); A61M 3/022 (20140204); A61M 3/0208 (20140204); A23G 9/12 (20130101); A47J 27/004 (20130101); A61M 3/0258 (20130101),"April 24, 2013","[['Guohua', 'Wang', 'Chongqing, CN'], ['Aling', 'Liu', 'Chongqing, CN'], ['Zhexi', 'Wang', 'Chongqing, CN']]","August 14, 2018","10,046,288",#10046288,True
52,"Suwon-si, Gyeonggi-do",KR,"15/067,931",N/A,"Suwon-si, KR","SAMSUNG ELECTRONICS CO., LTD.",56887503,D06F 31/00 (20130101); D06F 29/00 (20130101); D06F 39/14 (20130101); D06F 39/12 (20130101); D06F 1/04 (20130101),"March 11, 2016","[['Jun Hyun', 'Park', 'Osan-si, KR'], ['Geun', 'Kang', 'Hwaseong-si, KR'], ['Sung Jin', 'Kim', 'Suwon-si, KR']]","August 14, 2018","10,047,474",#10047474,True
53,Amiens,FR,"15/612,083",N/A,"Amiens, FR",Valeo Embrayages,54697557,F16H 45/02 (20130101); F16H 41/24 (20130101); F16H 2045/0263 (20130101); F16H 2045/0205 (20130101); F16H 2045/0284 (20130101); F16H 2045/0294 (20130101),"June 2, 2017","[['Alexandre', 'Depraete', 'Bloomfield, MI']]","August 14, 2018","10,047,847",#10047847,True
54,Erlangen,DE,"15/896,239",N/A,"Erlangen, DE",SIEMENS HEALTHCARE GMBH,57630077,A61B 6/461 (20130101); A61B 6/40 (20130101); H01J 35/16 (20130101); H01J 9/00 (20130101); H05G 1/04 (20130101); H01J 2235/166 (20130101),"February 14, 2018","[['Rainer', 'Kuth', 'Hoechstadt, DE'], ['Nils', 'Pickert', 'Erlangen, DE']]","August 14, 2018","10,049,849",#10049849,True
55,AdaRockfordSpartaGrand Rapids,USUSUSUS,"15/255,221",MIMIMIMI,,,52739463,H02J 50/10 (20160201); H02J 5/005 (20130101); H02J 7/0042 (20130101); H02J 7/025 (20130101),"September 2, 2016","[['Norman R.', 'Byrne', 'Ada, MI'], ['Robert L.', 'Knapp', 'Rockford, MI'], ['Timothy J.', 'Warwick', 'Sparta, MI'], ['Roger D.', 'Burdi', 'Grand Rapids, MI']]","August 14, 2018","10,050,473",#10050473,True
56,Basking Ridge,US,"14/283,315",NJ,"Basking Ridge, NJ",Verizon Patent and Licensing Inc.,54556879,H04L 67/40 (20130101); H04L 51/00 (20130101); H04L 51/02 (20130101); H04L 51/18 (20130101); H04L 67/42 (20130101),"May 21, 2014","[['Z. Shameel', 'Ahmed', 'Chennai, IN']]","August 14, 2018","10,051,085",#10051085,True
57,Houston,US,"14/901,197",TX,"Houston, TX",M-I L.L.C.,52744360,C09K 8/36 (20130101); E21B 43/04 (20130101); C09K 8/26 (20130101); C09K 8/57 (20130101); E21B 37/06 (20130101),"September 18, 2014","[['Matthew', 'Offenbacher', 'Houston, TX'], ['Balkrishna', 'Gadiyar', 'Katy, TX']]","August 21, 2018","10,053,615",#10053615,True
58,Houston,US,"14/745,202",TX,"Houston, TX",BP Corporation North America Inc.,48914469,C12P 7/46 (20130101); C12P 7/48 (20130101); C12P 13/02 (20130101); C12P 7/06 (20130101); C12P 13/04 (20130101); C12N 9/90 (20130101); C12P 7/18 (20130101); C12P 5/026 (20130101); C12P 7/56 (20130101); C12P 7/20 (20130101); C12P 7/10 (20130101); C12P 7/649 (20130101); C12P 17/184 (20130101); C12P 7/16 (20130101); C12Y 503/01005 (20130101); C12P 7/40 (20130101); C12P 7/42 (20130101); C12P 7/54 (20130101); C12N 9/92 (20130101); C12P 35/06 (20130101); Y02E 50/13 (20130101); Y02E 50/343 (20130101); Y02E 50/17 (20130101); Y02E 50/10 (20130101); C12P 2203/00 (20130101); Y02E 50/16 (20130101),"June 19, 2015","[['David Neal', 'Nunn, Jr.', 'Carlsbad, CA'], ['Peter', 'Luginbuhl', 'San Diego, CA'], ['Ling', 'Li', 'San Diego, CA'], ['Adam Martin', 'Burja', 'San Diego, CA'], ['Jon Peter Flash', 'Bartnek', 'San Diego, CA']]","August 21, 2018","10,053,684",#10053684,True
59,Sunnyvale,US,"14/634,463",CA,"New York, NY",Oath Inc.,56798342,G06Q 30/0242 (20130101); G06Q 50/01 (20130101),"February 27, 2015","[['Zomitsa', 'Kozareva', 'Santa Clara, CA'], ['Lin', 'Ma', 'Sunnyvale, CA'], ['Rohit', 'Bhatia', 'Sunnyvale, CA']]","August 21, 2018","10,055,753",#10055753,True
60,Ankara,TR,"15/504,096",N/A,"Ankara, TR",ASELSAN ELEKTRONIK SANAYI VE TICARET ANONIM SIRKETI,55586384,G01R 33/3607 (20130101); H04L 27/2332 (20130101); H03C 3/40 (20130101); H03M 3/40 (20130101); H03D 3/007 (20130101); H04L 27/362 (20130101); G01R 33/5659 (20130101); G01R 33/4835 (20130101); G01R 33/5612 (20130101); H03F 2200/331 (20130101),"January 28, 2016","[['Bulent', 'Sen', 'Ankara, TR'], ['Filiz Ece', 'Sagcan', 'Ankara, TR'], ['Aylin', 'Bayram', 'Ankara, TR']]","August 21, 2018","10,057,103",#10057103,True
61,Seoul,KR,"15/903,179",N/A,KR,"LG Chem, Ltd.",56193007,B01J 20/267 (20130101); C08J 9/106 (20130101); A61L 15/60 (20130101); B01J 20/3085 (20130101); C08L 33/02 (20130101); C08F 2/10 (20130101); B01J 20/3064 (20130101); A61L 15/60 (20130101); C08J 9/10 (20130101); C08F 20/10 (20130101); C08J 9/16 (20130101); C08J 9/08 (20130101); C08J 2205/048 (20130101); C08F 2222/1013 (20130101); C08J 2203/18 (20130101); C08F 2222/1026 (20130101); C08J 9/224 (20130101); C08J 2203/04 (20130101); C08F 2222/108 (20130101); C08J 2333/02 (20130101); C08J 2205/022 (20130101); C08J 2201/026 (20130101); C08J 2203/02 (20130101); C08F 220/06 (20130101),"February 23, 2018","[['Sang Gi', 'Lee', 'Daejeon, KR'], ['Soo Jin', 'Lee', 'Daejeon, KR'], ['Hye Mi', 'Nam', 'Daejeon, KR'], ['Min Ho', 'Hwang', 'Daejeon, KR']]","September 4, 2018","10,065,175",#10065175,True
62,Boise,US,"15/646,874",ID,"Boise, ID","Micron Technology, Inc.",50545361,G11C 7/1063 (20130101); G11C 13/004 (20130101); G11C 13/0069 (20130101); G06F 9/30047 (20130101); G11C 7/22 (20130101); G11C 13/0004 (20130101); G06F 13/1689 (20130101); G06F 13/161 (20130101); G11C 13/0061 (20130101); G11C 2207/2272 (20130101),"July 11, 2017","[['Graziano', 'Mirichigni', 'Vimercate, IT'], ['Corrado', 'Villa', 'Sovico, IT'], ['Luca', 'Porzio', 'Casalnuovo di Napoli, IT'], ['Chee Weng', 'Tan', 'Jurong West, SG'], ['Sebastien', 'Lemarie', 'Singapore, SG'], ['Andre', 'Klindworth', 'Neubiberg, DE']]","September 4, 2018","10,067,764",#10067764,True
63,Gyeonggi-do,KR,"15/347,009",N/A,"Suwon-si, KR","SAMSUNG ELECTRONICS CO., LTD.",52810400,H04N 21/4415 (20130101); H04N 21/23418 (20130101); H04N 21/42204 (20130101); G10L 15/28 (20130101); H04N 21/4331 (20130101); G10L 15/22 (20130101); G06F 3/167 (20130101); G10L 15/30 (20130101); H04N 21/42203 (20130101); G10L 2015/223 (20130101),"November 9, 2016","[['Chan-hee', 'Choi', 'Seoul, KR'], ['Kyung-mi', 'Park', 'Suwon-si, KR'], ['Hee-seob', 'Ryu', 'Hwaseong-si, KR'], ['Chan-sik', 'Bok', 'Incheon, KR']]","September 4, 2018","10,068,572",#10068572,True
64,Colombia,US,"15/070,033",NJ,,,59855765,G09F 17/00 (20130101); G09F 2017/0058 (20130101),"March 15, 2016","[['Charles P.', 'Lyons', 'Colombia, NJ']]","September 11, 2018","10,074,296",#10074296,True
65,Newport Beach,US,"14/946,605",CA,"Newport Beach, CA","Strathspey Crown Holdings, LLC",58719508,A61N 5/103 (20130101); A61N 5/06 (20130101),"November 19, 2015","[['Robert Edward', 'Grant', 'Laguna Beach, CA']]","September 18, 2018","10,076,672",#10076672,True
66,Mansfield,US,"15/271,588",MA,"Mansfield, MA",Covidien LP,50276958,A61B 17/29 (20130101); A61B 17/282 (20130101); A61B 17/072 (20130101); A61B 17/068 (20130101); A61B 1/0057 (20130101); A61B 17/07207 (20130101); A61B 17/00234 (20130101); A61B 2017/0046 (20130101); A61B 2017/00734 (20130101); A61B 2017/07285 (20130101); A61B 2017/07214 (20130101); A61B 2017/00398 (20130101); A61B 2017/00473 (20130101); A61B 2017/00477 (20130101); A61B 2017/2903 (20130101); A61B 2017/2927 (20130101),"September 21, 2016","[['Justin', 'Williams', 'Southbury, CT'], ['Paul', 'Scirica', 'Huntington, CT']]","October 2, 2018","10,085,752",#10085752,True
67,Mansfield,US,"14/887,529",MA,"Mansfield, MA",COVIDIEN LP,47219725,A61B 17/29 (20130101); A61B 18/1447 (20130101); A61B 2017/2936 (20130101); A61B 2017/2925 (20130101); A61B 2017/2941 (20130101); A61B 17/2909 (20130101); A61B 2018/00982 (20130101),"October 20, 2015","[['David M.', 'Garrison', 'Longmont, CO']]","October 2, 2018","10,085,795",#10085795,True
68,BirminghamBaltimore,USUS,"14/960,023",ALMD,"Washington, DCSOUTHERN RESEARCH INSTITUTE","THE UNITED STATES OF AMERICA AS REPRESENTED BY THE SECRETARY, DEPARTMENT OF HEALTH AND HUMAN SERVICES OFFICE OF TECHNOLOGY TRANSFER, NATIONAL INSTITUTE OF HEALTH",56092556,C07D 239/94 (20130101); C07D 401/12 (20130101); C07D 401/14 (20130101); C07D 403/12 (20130101),"December 4, 2015","[['Subramaniam', 'Ananthan', 'Birmingham, AL'], ['Richard B.', 'Rothman', 'Baltimore, MD']]","October 2, 2018","10,087,148",#10087148,True
69,Round Rock,US,"15/163,068",TX,"Round Rock, TX",Dell Products L.P.,60418675,G06F 1/206 (20130101); G05B 19/406 (20130101); G05B 2219/49219 (20130101),"May 24, 2016","[['Dinesh Kunnathur', 'Ragupathi', 'Round Rock, TX'], ['Sundar', 'Dasar', 'Round Rock, TX'], ['Robert Daniel', 'Whittington', 'Austin, TX'], ['Kala', 'Sampathkumar', 'Bangalore, IN'], ['Sridevi', 'Chandrasekaran', 'Round Rock, TX']]","October 9, 2018","10,095,290",#10095290,True
70,Qingdao,CN,"15/068,883",N/A,"Shandong, CNHISENSE USA CORPORATION","HISENSE MOBILE COMMUNICATIONS TECHNOLOGY CO., LTD.",54726241,H02J 7/0006 (20130101); H02J 7/045 (20130101); H02J 2007/0062 (20130101); H02J 2007/0096 (20130101),"March 14, 2016","[['Ermeng', 'Hu', 'Qingdao, CN'], ['Chunqian', 'Li', 'Qingdao, CN'], ['Wenjuan', 'Du', 'Qingdao, CN']]","October 9, 2018","10,097,032",#10097032,True
71,Purchase,US,"15/211,111",NY,"Purchase, NY",MASTERCARD INTERNATIONAL INCORPORATED,59078206,H04L 9/0637 (20130101); H04L 9/0643 (20130101); H04L 9/3236 (20130101); H04L 9/3239 (20130101); H04L 2209/56 (20130101); H04L 63/10 (20130101); H04L 2209/38 (20130101),"July 15, 2016","[['Steven Charles', 'Davis', 'Saint Peters, MO']]","October 9, 2018","10,097,344",#10097344,True
72,SeattleSeattleSeattleSeattle,USUSUSUS,"12/892,819",WAWAWAWA,"Seattle, WA","Amazon Technologies, Inc.",59981477,H04L 29/12066 (20130101); H04L 67/10 (20130101); H04L 61/1511 (20130101); H04L 67/141 (20130101); H04L 61/1552 (20130101),"September 28, 2010","[['David R.', 'Richardson', 'Seattle, WA'], ['John', 'Cormie', 'Seattle, WA'], ['Colm', 'MacCarthaigh', 'Seattle, WA'], ['Benjamin W.S.', 'Redman', 'Seattle, WA']]","October 9, 2018","10,097,398",#10097398,True
73,Barcelona,ES,"14/348,132",N/A,"Cerdanyola Del Valles, Barcelona, ES","ERA BIOTECH, S.A.",47994314,C12N 15/62 (20130101); C12P 21/02 (20130101); C12P 21/06 (20130101); C12N 9/0006 (20130101); C12N 9/0093 (20130101); C12N 9/90 (20130101); C12N 15/82 (20130101); C07K 14/195 (20130101); C07K 2/00 (20130101); C07K 2319/21 (20130101); C07K 2319/22 (20130101); C07K 2319/92 (20130101),"September 28, 2012","[['Roser', 'Pallisse Bergwerf', 'Valldoreix, ES'], ['Stefan Robert', 'Schmidt', 'Laupheim, DE'], ['Didac', 'Marco Feliu', 'Barcelona, ES'], ['Patricia Karina', 'Carvajal Vallejos', 'Barcelona, ES']]","October 16, 2018","10,100,080",#10100080,True
74,Santa Clara,US,"15/725,061",CA,"Milpitas, CA",SonicWALL Inc.,57189499,H04L 63/02 (20130101); H04L 63/06 (20130101); H04L 63/0428 (20130101); H04L 63/061 (20130101); H04L 63/166 (20130101); H04L 63/168 (20130101),"October 4, 2017","[['George Edward', 'Reese', 'Wayzata, MN']]","October 23, 2018","10,110,571",#10110571,True
75,Vevey,CH,"14/439,569",N/A,"Vevey, CH",Nestec S.A.,54263928,A23G 9/40 (20130101); A23G 9/363 (20130101); A23C 9/123 (20130101); A23C 9/1307 (20130101); A23C 9/137 (20130101); A23V 2002/00 (20130101); A23C 2260/152 (20130101),"October 31, 2013","[['Sinan', 'Imer', 'Bakersfield, CA']]","November 6, 2018","10,117,445",#10117445,True
76,Houston,US,"14/900,717",TX,"Houston, TX","HALLIBURTON ENERGY SERVICES, INC.",52587081,E21B 23/002 (20130101); E21B 41/0035 (20130101); E21B 17/006 (20130101); E21B 34/10 (20130101); E21B 47/09 (20130101),"August 26, 2013","[['Dan P.', 'Saurer', 'Plano, TX']]","November 6, 2018","10,119,369",#10119369,True
77,Singapore,SG,"15/263,079",N/A,SINGAPORE PTE. LTD.,AVAGO TECHNOLOGIES GENERAL IP,58447861,H04W 28/08 (20130101); H04W 76/16 (20180201); H04W 36/0069 (20180801); H04W 84/12 (20130101); H04W 84/045 (20130101); H04W 88/10 (20130101); H04W 88/06 (20130101),"September 12, 2016","[['Yong', 'Li', 'San Diego, CA'], ['Shuval', 'Polacheck', 'Kibbutz Shefayim, IL'], ['Florin', 'Baboescu', 'Solana Beach, CA']]","November 6, 2018","10,123,371",#10123371,True
78,Sunnyvale,US,"15/355,333",CA,"Sunnyvale, CA","zSpace, Inc.",62144071,G06F 3/04845 (20130101); H04N 13/341 (20180501); H04N 13/344 (20180501); H04N 13/279 (20180501); H04N 13/293 (20180501); G06F 1/163 (20130101); G06F 3/03545 (20130101); G06F 3/03542 (20130101); H04N 13/106 (20180501); G02B 27/017 (20130101); G06F 3/011 (20130101); G02B 2027/0134 (20130101); H04N 13/324 (20180501); H04N 13/383 (20180501),"November 18, 2016","[['Clifford S.', 'Champion', 'San Jose, CA'], ['Eduardo', 'Baraf', 'Mountain View, CA'], ['Alexandre R.', 'Lelievre', 'Hollywood, CA'], ['Jonathan J.', 'Hosenpud', 'San Francisco, CA']]","November 13, 2018","10,127,715",#10127715,True
79,Plano,US,"15/911,351",TX,"Plano, TX","Futurewei Technologies, Inc.",63790381,H04B 10/07953 (20130101); H04L 27/2627 (20130101); H04J 14/0298 (20130101); H04B 10/564 (20130101); H04B 10/116 (20130101); H04B 10/07955 (20130101); H04L 27/364 (20130101); H04L 5/0044 (20130101); H04B 10/5161 (20130101); H04L 27/2626 (20130101),"March 5, 2018","[['Dong', 'Wei', 'Austin, TX'], ['Shun', 'Lou', 'Hefei, CN'], ['Chen', 'Gong', 'Hefei, CN'], ['Nan', 'Wu', 'Hefei, CN'], ['Zhengyuan', 'Xu', 'Hefei, CN']]","November 13, 2018","10,128,941",#10128941,True
80,Benton Harbor,US,"15/331,088",MI,"Benton Harbor, MI",Whirlpool Corporation,41199964,F25D 11/025 (20130101); F25D 17/02 (20130101); F25D 21/06 (20130101); F25C 5/185 (20130101); F25D 23/028 (20130101); F25C 5/182 (20130101); F25D 21/12 (20130101); F25B 2500/06 (20130101); F25C 2400/10 (20130101); F25B 45/00 (20130101),"October 21, 2016","[['Nihat O.', 'Cur', 'Plymouth, MN'], ['Guolian', 'Wu', 'St. Joseph, MI']]","November 20, 2018","10,132,548",#10132548,True
81,Emeryville,US,"15/283,135",CA,"Emeryville, CA",Pixar,60988726,G06T 19/20 (20130101); G06T 13/20 (20130101); G06T 2200/24 (20130101); G06T 2219/2016 (20130101),"September 30, 2016","[['Mark C.', 'Hessler', 'Oakland, CA'], ['Jeremie', 'Talbot', 'San Francisco, CA'], ['Mark', 'Piretti', 'San Francisco, CA'], ['Kevin A.', 'Singleton', 'Concord, CA']]","November 20, 2018","10,134,199",#10134199,True
82,Shenzhen,CN,"15/196,381",N/A,"Shenzhen, CN","HUAWEI TECHNOLOGIES CO., LTD.",53492981,H04B 10/0791 (20130101); H04B 10/2916 (20130101); H04J 14/02 (20130101); H04B 10/0771 (20130101),"June 29, 2016","[['Yansui', 'Huang', 'Shenzhen, CN'], ['Enbo', 'Zhou', 'Shenzhen, CN']]","November 20, 2018","10,135,525",#10135525,True
83,Hampton,CA,"14/933,057",N/A,"Hampton, Ontario, CA",Omachron Intellectual Property Inc.,55274849,A47L 5/225 (20130101); A47L 9/12 (20130101); A47L 9/1608 (20130101); A47L 5/30 (20130101); A47L 9/1683 (20130101); A47L 9/1691 (20130101); A47L 9/248 (20130101),"November 5, 2015","[['Wayne Ernest', 'Conrad', 'Hampton, CA']]","November 27, 2018","10,136,778",#10136778,True
84,Harbour Front Centre,SG,"14/398,617",N/A,"Singapore, SG",MANAGED PRESSURE OPERATIONS PTE LTD,46330752,E21B 21/08 (20130101); E21B 21/106 (20130101); E21B 47/101 (20130101); E21B 47/06 (20130101); E21B 44/00 (20130101),"May 3, 2013","[['Christian', 'Leuchtenberg', 'Harbour Front Centre, SG']]","November 27, 2018","10,138,693",#10138693,True
85,Pittsburgh,US,"15/642,744",PA,"Pittsburgh, PA","NEAR EARTH AUTONOMY, INC.",64315540,G01S 17/933 (20130101); G01S 17/023 (20130101); G01S 17/58 (20130101); B64C 27/06 (20130101); B64C 27/006 (20130101); G01S 19/13 (20130101),"July 6, 2017","[['Lyle', 'Chamberlain', 'Pittsburgh, PA'], ['Sanjiv', 'Singh', 'Pittsburgh, PA'], ['Adam', 'Stambler', 'Pittsburgh, PA'], ['Hugh', 'Cover', 'Pittsburgh, PA'], ['Bradley', 'Hamner', 'Pittsburgh, PA']]","November 27, 2018","10,139,493",#10139493,True
86,Osaka,JP,"15/730,839",N/A,"Osaka, JP",SHARP KABUSHIKI KAISHA,58500039,G03G 21/12 (20130101); G03G 21/105 (20130101); G03G 2215/0132 (20130101),"October 12, 2017","[['Hideaki', 'Kadowaki', 'Osaka, JP']]","November 27, 2018","10,139,772",#10139772,True
87,McLean,US,"15/921,195",VA,"McLean, VA","Capital One Services, LLC",64316087,G06F 11/1441 (20130101); G06F 11/3055 (20130101); G06N 3/08 (20130101); G06F 2201/805 (20130101),"March 14, 2018","[['Austin', 'Walters', 'Savoy, IL'], ['Jeremy', 'Goodsitt', 'Champaign, IL'], ['Fardin', 'Abdi Taghi Abad', 'Champaign, IL']]","November 27, 2018","10,140,184",#10140184,True
88,Mountain View,US,"15/497,333",CA,"Mountain View, CA","Veniam, Inc.",61192535,H04L 65/4084 (20130101); H04W 88/04 (20130101),"April 26, 2017","[['Tiago Silvestre', 'Condeixa', 'Aveiro, PT'], ['Diogo Miguel', 'Augusto Lopes', 'Aveiro, PT']]","November 27, 2018","10,143,040",#10143040,True
89,Kiyoshu-shi,JP,"15/649,731",N/A,"Kiyosu-Shi, Aichi-Ken, JP","TOYODA GOSEI CO., LTD.",60989901,B60Q 1/2696 (20130101); B60Q 1/2661 (20130101); F21V 15/01 (20130101); B60Q 3/51 (20170201); B60Q 3/12 (20170201); B60Q 3/60 (20170201); B60K 37/02 (20130101); B60Q 1/02 (20130101); F21V 5/04 (20130101); B60K 2370/33 (20190501); B60K 2370/332 (20190501),"July 14, 2017","[['Yoichi', 'Matsuoka', 'Kiyosu, JP']]","December 4, 2018","10,144,344",#10144344,True
90,"Hangzhou, Zhejiang Province",CN,"15/408,322",N/A,"Hangzhou, CN","HANGZHOU CHIC INTELLIGENT TECHNOLOGY CO., LTD.",58832434,B62K 11/007 (20161101); B60L 15/2036 (20130101); G01L 5/225 (20130101); B62K 2204/00 (20130101); Y02T 10/7258 (20130101); B60L 2220/46 (20130101); B60L 2240/24 (20130101); B60L 2250/22 (20130101); B60L 2200/16 (20130101),"January 17, 2017","[['Jiawei', 'Ying', 'Hangzhou, CN'], ['Yunfei', 'Lin', 'Hangzhou, CN']]","December 4, 2018","10,144,478",#10144478,True
91,Singapore,SG,"15/438,867",N/A,"Singapore, SG",MEDIATEK SINGAPORE PTE. LTD.,56454307,G10L 21/043 (20130101); H04W 4/80 (20180201),"February 22, 2017","[['Peng', 'Zhan', 'Guangdong, CN']]","December 4, 2018","10,147,440",#10147440,True
92,"Osaka-shi, Osaka",JP,"15/667,728",N/A,"Osaka, JP",JTEKT CORPORATION,59569206,B62D 1/166 (20130101); F16H 55/283 (20130101); B62D 3/12 (20130101); B62D 5/0463 (20130101); B62D 6/10 (20130101); B62D 5/04 (20130101); B62D 6/00 (20130101),"August 3, 2017","[['Kuniaki', 'Mitsui', 'Kyoto, JP']]","December 11, 2018","10,150,498",#10150498,True
93,Stockholm,SE,"15/039,165",N/A,"Stockholm, SE",Kat2Biz AB,53199464,C10G 1/002 (20130101); C10G 1/08 (20130101); C10G 1/083 (20130101); C08H 6/00 (20130101); C10L 1/02 (20130101); C08H 8/00 (20130101); C08L 97/005 (20130101); C07C 41/01 (20130101); C07C 41/01 (20130101); C07C 43/23 (20130101); C07G 1/00 (20130101); C10G 1/086 (20130101); C10G 2300/1014 (20130101); Y02P 30/20 (20151101),"November 27, 2014","[['Joseph', 'Samec', 'Spanga, SE'], ['Maxim', 'Galkin', 'Uppsala, SE']]","December 11, 2018","10,150,790",#10150790,True
94,San Jose,US,"15/254,163",CA,"San Jose, CA",Adobe Systems Incorporated,59592352,G06F 3/04845 (20130101); G06K 9/4671 (20130101); G06F 3/04842 (20130101); G06T 7/12 (20170101); G06K 9/6211 (20130101); G06K 9/6253 (20130101); G06F 3/0488 (20130101); G06T 11/00 (20130101); G06T 7/73 (20170101); G06T 7/11 (20170101); G06T 7/62 (20170101); G06T 7/13 (20170101); G06F 3/04883 (20130101); G06T 2200/24 (20130101); G06T 2207/20104 (20130101); G06T 2207/20012 (20130101); G06T 2207/20021 (20130101),"September 1, 2016","[['Ajay', 'Bedi', 'Himachal Pardesh, IN'], ['Sourabh', 'Gupta', 'Uttar Pradesh, IN']]","December 11, 2018","10,152,213",#10152213,True
95,Santa Clara,US,"15/426,963",CA,"Santa Clara, CA",Intel Corporation,50774366,G06F 9/30036 (20130101); G06F 9/30043 (20130101); G06F 9/30185 (20130101); G06F 9/3834 (20130101); G06F 9/3851 (20130101); G06F 12/0815 (20130101); G06F 9/3887 (20130101); G06F 12/084 (20130101); G06F 12/0875 (20130101); Y02D 10/13 (20180101); G06F 9/544 (20130101); G06F 2212/452 (20130101); G06F 2212/60 (20130101); G06F 2212/621 (20130101),"February 7, 2017","[['Christopher J.', 'Hughes', 'Santa Clara, CA'], ['Changkyu', 'Kim', 'San Jose, CA'], ['Daehyun', 'Kim', 'San Jose, CA'], ['Victor W.', 'Lee', 'Santa Clara, CA'], ['Jong Soo', 'Park', 'Santa Clara, CA']]","December 11, 2018","10,152,325",#10152325,True
96,"Zhenjiang, Jiangsu",CN,"15/523,747",N/A,"Zhenjiang, Jiangsu, CN",JIANGSU UNIVERSITY OF SCIENCE AND TECHNOLOGY,54302555,G01L 5/28 (20130101); G01M 17/007 (20130101),"March 25, 2016","[['Jian', 'Zhang', 'Jiangsu, CN'], ['Wenxian', 'Tang', 'Jiangsu, CN'], ['Yongmei', 'Zhu', 'Jiangsu, CN'], ['Xuelong', 'Tan', 'Jiangsu, CN'], ['Yawei', 'Liu', 'Jiangsu, CN'], ['Ben', 'Zhang', 'Jiangsu, CN'], ['Rui', 'Zhou', 'Jiangsu, CN'], ['Qizhao', 'Xu', 'Jiangsu, CN']]","December 18, 2018","10,156,497",#10156497,True
97,Osaka,JP,"15/381,546",N/A,"Osaka, JP","Panasonic Intellectual Property Management Co., Ltd.",59087993,G10K 11/178 (20130101); H04R 1/025 (20130101); H04R 1/023 (20130101); G10K 11/17857 (20180101); H04R 2201/021 (20130101); G10K 2210/3027 (20130101); G10K 2210/1283 (20130101); G10K 2210/1281 (20130101); G10K 2210/3044 (20130101); H04R 2499/13 (20130101),"December 16, 2016","[['Tsuyoshi', 'Maeda', 'Hyogo, JP'], ['Yoshifumi', 'Asao', 'Hyogo, JP'], ['Masaaki', 'Higashida', 'Osaka, JP'], ['Mitsuhiro', 'Tosa', 'Osaka, JP'], ['Kaname', 'Tomita', 'Osaka, JP'], ['Toshihide', 'Abe', 'Osaka, JP']]","December 18, 2018","10,157,605",#10157605,True
98,Armonk,US,"15/244,499",NY,"Armonk, NY",International Business Machines Corporation,55068221,H01L 29/267 (20130101); H01L 21/823418 (20130101); H01L 29/6653 (20130101); H01L 29/66545 (20130101); H01L 29/66553 (20130101); H01L 29/6659 (20130101); H01L 29/66628 (20130101); H01L 29/7834 (20130101); H01L 29/0847 (20130101); H01L 29/66795 (20130101); H01L 21/31051 (20130101); H01L 29/7851 (20130101); H01L 29/7848 (20130101); H01L 21/7684 (20130101); H01L 29/4958 (20130101); H01L 29/41783 (20130101); H01L 21/823468 (20130101); H01L 21/76877 (20130101); H01L 21/823475 (20130101); H01L 21/76802 (20130101); H01L 21/823437 (20130101); H01L 29/66522 (20130101); H01L 21/823431 (20130101); H01L 29/66583 (20130101); H01L 29/41791 (20130101); H01L 27/1211 (20130101); H01L 29/161 (20130101); H01L 29/7833 (20130101); H01L 29/517 (20130101); H01L 29/42372 (20130101); H01L 21/2815 (20130101); H01L 29/1079 (20130101); H01L 29/4966 (20130101),"August 23, 2016","[['Kangguo', 'Cheng', 'Schenectady, NY'], ['Pouya', 'Hashemi', 'White Plains, NY'], ['Ali', 'Khakifirooz', 'Los Altos, CA'], ['Alexander', 'Reznicek', 'Troy, NY']]","December 18, 2018","10,158,001",#10158001,True
99,N/A,N/A,"13/931,390",N/A,"Singapore, SG",Avago Technologies International Sales Pte. Limited,52116790,H04L 47/34 (20130101); H04L 45/24 (20130101),"June 28, 2013","[['Ariel', 'Hendel', 'Cupertino, CA'], ['Mohan', 'Kalkunte', 'Saratoga, CA']]","December 25, 2018","10,164,870",#10164870,True
